<?xml version="1.0" encoding="UTF-8"?>
<jcr:root xmlns:sling="http://sling.apache.org/jcr/sling/1.0" xmlns:cq="http://www.day.com/jcr/cq/1.0" xmlns:jcr="http://www.jcp.org/jcr/1.0" xmlns:nt="http://www.jcp.org/jcr/nt/1.0"
    jcr:primaryType="cq:Page">
    <jcr:content
        cq:lastModified="{Date}2015-08-06T18:10:54.379+05:30"
        cq:lastModifiedBy="admin"
        cq:template="/libs/wcm/core/templates/designpage"
        jcr:primaryType="cq:PageContent"
        jcr:title="Aem Company"
        sling:resourceType="wcm/core/components/designer">
        <homepage jcr:primaryType="nt:unstructured">
            <content
                jcr:lastModified="{Date}2015-07-10T17:30:26.195+05:30"
                jcr:lastModifiedBy="admin"
                jcr:primaryType="nt:unstructured"
                sling:resourceType="wcm/foundation/components/parsys"
                components="[group:General,group:AEM Company,group:AEM Group]">
                <section jcr:primaryType="nt:unstructured"/>
                <youtube
                    jcr:copyright="Created by Sunil"
                    jcr:lastModified="{Date}2015-08-06T18:10:54.378+05:30"
                    jcr:lastModifiedBy="admin"
                    jcr:primaryType="nt:unstructured"
                    sling:resourceType="aem-company/components/youtube"/>
            </content>
            <side-content
                jcr:lastModified="{Date}2015-04-29T14:24:46.264+05:30"
                jcr:lastModifiedBy="admin"
                jcr:primaryType="nt:unstructured"
                sling:resourceType="wcm/foundation/components/iparsys"
                components="group:General">
                <section jcr:primaryType="nt:unstructured"/>
            </side-content>
        </homepage>
    </jcr:content>
    <static.css/>
</jcr:root>
